boy-18, get Commited with,girl-0,27/02/17 02:05:59
boy-2, get Commited with,girl-1,27/02/17 02:05:59
boy-71, get Commited with,girl-2,27/02/17 02:05:59
boy-0, get Commited with,girl-3,27/02/17 02:05:59
boy-4, get Commited with,girl-4,27/02/17 02:05:59
boy-5, get Commited with,girl-5,27/02/17 02:05:59
boy-8, get Commited with,girl-6,27/02/17 02:05:59
boy-6, get Commited with,girl-7,27/02/17 02:05:59
boy-12, get Commited with,girl-8,27/02/17 02:05:59
boy-7, get Commited with,girl-9,27/02/17 02:05:59
boy-56, get Commited with,girl-10,27/02/17 02:05:59
boy-9, get Commited with,girl-11,27/02/17 02:05:59
boy-34, get Commited with,girl-12,27/02/17 02:05:59
boy-11, get Commited with,girl-13,27/02/17 02:05:59
boy-1, get Commited with,girl-14,27/02/17 02:05:59
boy-22, get Commited with,girl-15,27/02/17 02:05:59
boy-23, get Commited with,girl-16,27/02/17 02:05:59
boy-13, get Commited with,girl-18,27/02/17 02:05:59
boy-27, get Commited with,girl-19,27/02/17 02:05:59
boy-29, get Commited with,girl-21,27/02/17 02:05:59
boy-20, get Commited with,girl-22,27/02/17 02:05:59
boy-21, get Commited with,girl-24,27/02/17 02:05:59
boy-37, get Commited with,girl-25,27/02/17 02:05:59
boy-59, get Commited with,girl-26,27/02/17 02:05:59
boy-32, get Commited with,girl-27,27/02/17 02:05:59
boy-42, get Commited with,girl-28,27/02/17 02:05:59
boy-74, get Commited with,girl-29,27/02/17 02:05:59
boy-44, get Commited with,girl-30,27/02/17 02:05:59
boy-15, get Commited with,girl-31,27/02/17 02:05:59
boy-33, get Commited with,girl-32,27/02/17 02:05:59
boy-51, get Commited with,girl-33,27/02/17 02:05:59
boy-3, get Commited with,girl-34,27/02/17 02:05:59
boy-40, get Commited with,girl-35,27/02/17 02:05:59
boy-10, get Commited with,girl-38,27/02/17 02:05:59
boy-77, get Commited with,girl-40,27/02/17 02:05:59
boy-45, get Commited with,girl-41,27/02/17 02:05:59
boy-16, get Commited with,girl-42,27/02/17 02:05:59
boy-48, get Commited with,girl-43,27/02/17 02:05:59
boy-30, get Commited with,girl-46,27/02/17 02:05:59
boy-58, get Commited with,girl-47,27/02/17 02:05:59
boy-19, get Commited with,girl-48,27/02/17 02:05:59
boy-82, get Commited with,girl-49,27/02/17 02:05:59
